Customer_Id,Name,Nickname,Password,Email,Birth,gender,C.P.,MobileCompany,OS,Class
doloribus740,류현숙,Bryce_White,********,xhwang@yu.com,1990-01-21,female,01x9-4x671-x0x6x,LGU,iOS,3
expedita131,오지현,Zachary_LightSkyBlue,********,jeongung54@jusighoesa.com,1987-08-17,female,01x9-1x037-x6x5x,MVNO,iOS,3
provident683,최민석,Brenda_Violet,********,songyeweon@isoni.org,2004-10-29,male,01x9-5x526-x7x2x,KT,Android,3
sequi591,김민수,Kyle_Orange,********,anseonghyeon@ju.com,2000-10-17,male,01x9-1x567-x3x0x,SKT,iOS,2
totam890,최미경,Kevin_DarkTurquoise,********,ggim@gimi.kr,1989-02-02,female,01x9-3x802-x3x0x,SKT,iOS,4
tempore534,안지영,Julia_DarkSlateBlue,********,seoyeonan@jusighoesa.com,1998-12-05,male,01x9-2x225-x8x6x,LGU,iOS,4
eaque461,김수빈,Amber_Pink,********,seojun95@hangimi.net,1999-07-15,male,01x9-5x180-x5x1x,SKT,Android,2
explicabo998,김옥자,Michael_SeaShell,********,ai@jusighoesa.com,2006-01-30,male,01x9-5x470-x7x5x,SKT,Android,3
eveniet134,김영순,Lisa_Red,********,ou@yu.kr,1984-12-14,male,01x9-7x512-x5x4x,SKT,Android,4
expedita123,권우진,John_DodgerBlue,********,junseo80@yu.kr,1985-07-22,female,01x9-2x003-x6x3x,LGU,Android,4
ea027,진미경,Amber_Maroon,********,minjae18@coeson.kr,1981-06-28,female,01x9-1x384-x1x5x,SKT,Android,2
tenetur677,한명자,Lisa_RosyBrown,********,bagseongmin@ju.kr,2001-10-30,male,01x9-2x941-x9x9x,SKT,iOS,4
facilis655,박도현,Melanie_Salmon,********,iseongmin@yu.org,1985-02-24,female,01x9-5x970-x6x7x,SKT,Android,4
est706,전준영,Heather_Violet,********,jieungim@hongheo.net,1993-03-24,female,01x9-8x343-x2x9x,MVNO,Android,3
rem212,이경숙,Cynthia_DarkRed,********,hongjeongung@ju.kr,1982-12-10,female,01x9-8x918-x4x1x,KT,Android,3
est206,장예은,Tracy_Violet,********,iminseo@jusighoesa.com,1988-10-03,male,01x9-6x881-x0x2x,KT,Android,2
provident789,장현준,Christine_CadetBlue,********,ji@yu.com,1984-07-11,female,01x9-3x947-x8x7x,SKT,Android,1
asperiores559,류준혁,Sabrina_DarkSalmon,********,jeonghogim@gojojo.kr,2002-01-17,female,01x9-9x562-x4x0x,SKT,iOS,3
ipsa358,서성현,Albert_LightGreen,********,sineungyeong@yu.com,1988-10-26,female,01x9-7x029-x1x9x,KT,Android,2
facilis373,김보람,Heather_DarkGray,********,pi@jusighoesa.com,1981-05-15,male,01x9-2x593-x8x9x,LGU,iOS,3
provident788,이숙자,James_DarkGray,********,hyejin42@sonbagheo.com,1999-03-18,female,01x9-0x476-x6x7x,KT,iOS,2
repellat544,구지민,David_SlateGray,********,kgim@ryubae.com,1996-06-25,male,01x9-6x042-x2x1x,SKT,Android,3
voluptas591,김지연,Dawn_Magenta,********,seohyeon71@yu.com,1986-10-01,female,01x9-4x885-x9x7x,KT,Android,3
vel730,오서영,Julia_Ivory,********,gyeongsug23@baejeong.com,2001-06-26,female,01x9-6x980-x8x6x,LGU,Android,4
commodi700,박수진,Michael_SlateBlue,********,jaeho07@ii.com,1992-06-03,male,01x9-6x243-x7x2x,SKT,Android,4
totam465,문현숙,Chelsey_Teal,********,junhyeoggim@gimsong.com,1990-06-30,female,01x9-5x208-x1x7x,KT,iOS,2
quisquam424,신영호,Ryan_PeachPuff,********,jeonghogim@yuhanhoesa.kr,1997-01-08,male,01x9-9x464-x6x7x,SKT,Android,3
hic530,신정수,Michelle_BlanchedAlmond,********,yunseoi@hanbag.com,1991-05-24,female,01x9-0x516-x1x5x,SKT,iOS,2
exercitationem815,최예진,Stephanie_RoyalBlue,********,mijeongbag@yuhanhoesa.kr,1989-11-20,male,01x9-6x374-x2x9x,SKT,iOS,4
delectus034,김영식,Kevin_RosyBrown,********,seongjinyang@yuhanhoesa.net,1986-05-11,male,01x9-3x216-x5x8x,SKT,Android,3
consectetur323,이지민,Eric_NavajoWhite,********,jangareum@jusighoesa.kr,1996-01-21,male,01x9-8x804-x2x5x,SKT,Android,4
atque527,이예은,Richard_PapayaWhip,********,hyeonji43@jusighoesa.org,1990-06-29,female,01x9-1x113-x6x2x,SKT,iOS,2
voluptas252,남정호,Christian_Yellow,********,eunyeong72@yangii.com,1993-09-06,male,01x9-4x632-x0x6x,LGU,Android,3
sequi258,강서윤,Adrienne_NavajoWhite,********,hyeonjeong67@gimgim.org,1988-11-29,male,01x9-1x755-x0x8x,KT,iOS,1
inventore467,박정남,Andrew_MediumAquaMarine,********,sangceolgim@gimihong.com,2001-12-29,female,01x9-5x866-x2x6x,LGU,Android,3
aliquid774,김민지,Tammy_PowderBlue,********,kcoe@yu.com,1998-12-12,male,01x9-6x786-x0x4x,KT,iOS,3
necessitatibus726,최영호,Nancy_DarkSlateBlue,********,bagseonghyeon@coeimi.kr,1981-10-21,female,01x9-0x297-x5x6x,KT,iOS,2
quidem020,강지훈,Laurie_MediumOrchid,********,seongsu40@gango.com,2000-10-31,female,01x9-9x074-x5x2x,KT,Android,3
pariatur472,황순자,Tiffany_Fuchsia,********,vheo@gimbagi.org,1982-04-20,female,01x9-1x101-x3x5x,SKT,Android,4
sed983,김유진,Christopher_Gainsboro,********,sangho27@ryugimbag.kr,1999-12-29,male,01x9-6x189-x6x7x,KT,Android,3
nemo630,오승현,Raymond_MediumSpringGreen,********,bagseongjin@gimi.kr,1991-07-24,male,01x9-3x240-x9x2x,SKT,Android,2
sint517,최현준,Johnny_LightSkyBlue,********,sanghyeon27@yuhanhoesa.kr,2001-03-15,male,01x9-4x322-x6x8x,MVNO,Android,2
voluptatem169,윤영희,Jennifer_LawnGreen,********,jeongsunjeon@yuhanhoesa.kr,1997-04-08,male,01x9-1x388-x1x0x,KT,iOS,1
aliquam701,이서연,Megan_PaleGoldenRod,********,yeongmijang@yuhanhoesa.org,2002-07-17,male,01x9-5x879-x4x9x,LGU,Android,4
dolorum335,손옥순,Connor_MediumAquaMarine,********,baghayun@ganggimgim.org,2004-07-05,male,01x9-4x081-x0x2x,KT,iOS,3
iste236,김순자,Derek_Peru,********,ijeonghyi@gimgim.kr,2001-05-24,male,01x9-8x901-x6x3x,SKT,Android,3
qui543,이영미,Jason_MediumPurple,********,sunoghwang@yuhanhoesa.org,1994-07-25,female,01x9-6x482-x0x6x,KT,Android,4
facere621,서지우,Phillip_Wheat,********,agim@ibag.com,1987-01-13,female,01x9-3x980-x3x8x,LGU,Android,3
fugit590,강재호,Lisa_DarkRed,********,hyejin15@yuhanhoesa.com,2001-01-29,female,01x9-2x003-x8x1x,SKT,iOS,3
deleniti307,이시우,Teresa_DarkOrchid,********,mseo@yu.kr,1997-10-05,female,01x9-8x616-x3x5x,LGU,iOS,2
quae150,오영희,Jared_DodgerBlue,********,jihyeongim@jusighoesa.com,2002-01-09,male,01x9-6x361-x1x8x,SKT,iOS,4
totam318,안경수,Robyn_LightCoral,********,sunjacoe@gangbag.org,1983-03-24,male,01x9-3x182-x8x0x,KT,Android,2
omnis469,김숙자,Kaylee_Lavender,********,simjihyeon@gimjo.kr,1990-07-28,female,01x9-0x076-x2x6x,SKT,Android,3
aliquam593,김정식,Matthew_AntiqueWhite,********,coejongsu@jeonbaggim.net,1988-11-13,male,01x9-8x396-x3x7x,LGU,iOS,3
esse850,김준호,Nancy_Wheat,********,eunju27@ju.org,1997-01-04,male,01x9-2x194-x5x2x,SKT,Android,4
magnam451,황지은,Gerald_MediumAquaMarine,********,seongjinjang@ju.com,1984-08-03,female,01x9-3x793-x1x1x,LGU,iOS,2
corporis299,박성호,David_LightCoral,********,gyeonghyii@yu.kr,2003-04-10,male,01x9-7x667-x6x6x,MVNO,Android,4
suscipit634,윤영철,Joyce_DarkGreen,********,gimhyeonu@iiyu.com,2004-11-04,female,01x9-6x294-x1x0x,KT,Android,4
iste691,송성훈,Julie_Peru,********,minseo90@gimgimhwang.net,1993-02-09,male,01x9-0x505-x8x0x,SKT,Android,3
tempore907,김성훈,John_Tan,********,yeongmi45@ju.net,2004-11-15,female,01x9-4x361-x8x3x,SKT,iOS,4
dolore330,김영숙,Adam_Lavender,********,seongmin82@seosimgim.com,1991-04-14,male,01x9-4x661-x5x9x,KT,Android,2
expedita648,박경자,Alexis_Ivory,********,sugjagim@jusighoesa.com,1993-08-20,male,01x9-0x144-x3x5x,LGU,Android,3
incidunt098,강서윤,Robert_SkyBlue,********,gyeonghyiryu@bagan.net,1989-07-29,female,01x9-2x453-x9x0x,KT,Android,3
vitae071,최수빈,Patrick_BlueViolet,********,obae@isong.net,1983-10-28,female,01x9-9x159-x8x8x,LGU,Android,3
debitis578,박영숙,Brandon_MediumSlateBlue,********,lcoe@munanyun.kr,1990-11-04,female,01x9-5x340-x4x3x,SKT,Android,2
ad305,박은주,Nathan_Brown,********,gimbyeongceol@gimcoehwang.kr,1987-12-08,female,01x9-4x669-x2x8x,KT,Android,4
fugit238,민도현,Rebecca_LightCoral,********,guyeeun@yu.kr,1989-11-25,male,01x9-2x427-x6x3x,LGU,Android,1
voluptate706,김진우,Hannah_Turquoise,********,rseo@gimgimno.net,1994-10-17,male,01x9-7x616-x5x0x,MVNO,Android,2
id271,심미영,John_DarkSlateGray,********,hyeonjugim@yuhanhoesa.com,1994-03-11,female,01x9-0x113-x3x8x,KT,Android,1
iusto174,박하은,Kevin_NavajoWhite,********,seonghyeon46@hongha.org,1996-07-13,female,01x9-3x586-x0x1x,SKT,Android,4
nisi305,장종수,Beverly_SkyBlue,********,gimjaeho@jusighoesa.kr,1987-11-02,male,01x9-0x968-x7x9x,LGU,Android,4
veritatis107,이광수,Cory_Cyan,********,lgim@gimgangheo.org,1995-02-10,male,01x9-6x925-x2x6x,SKT,iOS,4
laborum390,박상호,Anna_MediumVioletRed,********,wgim@gimmungim.kr,2004-09-18,female,01x9-4x239-x4x1x,MVNO,Android,3
a243,한옥순,Allison_DarkSlateBlue,********,jungsu21@jusighoesa.com,1997-01-16,female,01x9-6x835-x4x9x,SKT,Android,4
cum699,박경자,Cynthia_DarkBlue,********,ogwangsu@yuhanhoesa.net,1985-10-03,male,01x9-9x263-x8x6x,KT,Android,4
ea137,이광수,Jeremy_Khaki,********,sunja70@bagju.com,1987-02-10,male,01x9-4x611-x4x7x,KT,iOS,3
fugit324,윤하윤,Lauren_Gainsboro,********,juweon66@icoe.com,1987-11-28,male,01x9-1x897-x5x1x,SKT,Android,1
quo562,홍은서,Gregory_GhostWhite,********,hgim@jusighoesa.kr,1984-07-17,female,01x9-6x762-x7x7x,KT,Android,4
nulla717,안상철,Kaitlyn_Maroon,********,yeongmi14@iigim.kr,1997-12-11,female,01x9-6x335-x7x1x,SKT,Android,4
laudantium818,이정웅,Bonnie_Beige,********,sunog73@baeggimgang.com,1984-08-01,female,01x9-4x711-x0x9x,SKT,Android,2
itaque369,이수민,Melissa_GoldenRod,********,pson@yuhanhoesa.kr,1983-05-18,female,01x9-9x767-x2x8x,SKT,Android,4
tempore944,김예원,Ann_PaleGreen,********,jeongyeongmi@yuhanhoesa.kr,1987-08-03,male,01x9-3x232-x2x5x,SKT,Android,4
occaecati653,양우진,Anthony_DarkKhaki,********,yeongja05@hongryui.net,1982-11-15,male,01x9-3x693-x3x0x,SKT,iOS,3
aliquid896,김성현,Seth_Aqua,********,zi@jangjo.org,1992-12-03,female,01x9-3x037-x6x4x,KT,Android,1
officiis365,김정순,Lauren_Coral,********,yunhyeonjeong@baegi.com,2002-11-25,male,01x9-3x403-x9x1x,KT,iOS,4
asperiores325,강현우,Christopher_LightSeaGreen,********,seongjingim@yuhanhoesa.com,1990-03-26,female,01x9-3x453-x3x6x,SKT,Android,4
reprehenderit980,최우진,Thomas_DarkSeaGreen,********,au@simyu.com,1993-11-01,male,01x9-8x787-x2x4x,SKT,Android,2
fugiat825,한지연,Debra_DarkBlue,********,egim@yu.org,1997-11-13,male,01x9-2x735-x9x8x,SKT,Android,3
facere804,박재현,Ashley_Purple,********,ku@coegim.org,1981-04-22,male,01x9-7x710-x5x9x,KT,Android,4
voluptatem601,김상훈,Robert_SlateBlue,********,ijimin@ju.org,1982-10-14,female,01x9-2x506-x4x6x,SKT,Android,4
debitis210,오상철,Tanya_Cyan,********,migyeongbag@gimju.com,2001-10-13,male,01x9-1x781-x0x3x,SKT,iOS,4
dicta053,김미정,Allen_IndianRed,********,ijungsu@igim.org,1991-11-04,female,01x9-1x201-x2x0x,KT,Android,2
debitis781,김성수,Richard_Gainsboro,********,seunghyeon25@yu.com,2004-04-12,male,01x9-1x205-x4x3x,LGU,Android,4
nemo122,윤진호,Robert_Silver,********,iyeongho@ju.net,2000-10-14,male,01x9-1x235-x8x3x,MVNO,iOS,1
inventore893,김미정,Jennifer_Silver,********,mcoe@yu.com,1986-05-10,female,01x9-6x127-x3x7x,KT,Android,3
laudantium299,김영철,Richard_DarkViolet,********,rgim@baggim.kr,1998-11-24,male,01x9-6x206-x5x3x,SKT,Android,3
explicabo088,차아름,Stephanie_DarkMagenta,********,zjang@giman.com,1992-04-23,male,01x9-0x647-x0x1x,MVNO,Android,3
voluptatibus523,강동현,Frederick_MintCream,********,yunseo30@gimgoyun.com,2004-10-29,female,01x9-0x452-x0x2x,MVNO,Android,3
esse437,윤건우,Gina_Beige,********,jiyeong75@yu.com,1989-01-22,female,01x9-3x305-x1x4x,KT,Android,4
quia556,김광수,Nicholas_White,********,ogim@gimgimjo.net,2000-12-06,female,01x9-8x125-x2x8x,KT,Android,3
id230,이숙자,Rodney_LemonChiffon,********,iseonghyeon@coesong.kr,1983-03-14,female,01x9-9x039-x7x7x,SKT,Android,3
reprehenderit628,이지은,Mary_Plum,********,gimminseo@yuhanhoesa.kr,1981-12-17,female,01x9-4x571-x4x4x,SKT,Android,2
dolor842,차진우,Elizabeth_Plum,********,subingim@hanjeon.com,1986-10-19,female,01x9-7x845-x6x0x,KT,iOS,4
itaque258,이상현,Steven_OrangeRed,********,anjieun@gimgim.kr,1987-10-28,male,01x9-6x029-x8x4x,KT,iOS,3
amet193,윤하은,Larry_MediumOrchid,********,jheo@ii.com,1990-07-24,female,01x9-9x756-x6x8x,KT,Android,3
veniam397,구시우,Sophia_Salmon,********,coeyejin@yuhanhoesa.com,1987-09-08,male,01x9-0x885-x9x0x,LGU,Android,3
beatae511,이지은,Jerome_IndianRed,********,gyeongja16@jusighoesa.com,1989-05-05,female,01x9-6x235-x0x1x,LGU,iOS,2
nisi743,김재호,Kevin_DarkSeaGreen,********,seohyeongim@jusighoesa.com,1990-09-03,female,01x9-4x932-x4x2x,SKT,iOS,3
vero235,김정웅,Danielle_Linen,********,yeonggil33@janggimim.kr,2002-09-11,male,01x9-1x230-x9x9x,LGU,iOS,4
similique743,안지우,Jeffrey_HoneyDew,********,seonyeong41@yuhanhoesa.com,1990-05-24,male,01x9-6x486-x5x8x,SKT,Android,4
inventore953,박준영,Malik_DarkOrchid,********,bgang@gimjuseong.kr,1999-02-08,male,01x9-5x264-x4x9x,LGU,Android,1
at706,홍영식,Michael_GoldenRod,********,jeongsu25@seonggimcoe.org,1995-01-22,male,01x9-2x758-x3x2x,SKT,Android,4
exercitationem072,신예지,Evan_HoneyDew,********,byeongceoljo@ryugou.com,1999-08-31,male,01x9-1x604-x5x8x,SKT,Android,3
non771,박정훈,Susan_Silver,********,jihunson@coeryu.com,1999-01-04,female,01x9-5x404-x6x2x,MVNO,Android,4
cumque596,윤도현,Adam_Pink,********,bagjiyeong@ibag.com,1982-08-19,female,01x9-7x672-x8x2x,SKT,iOS,2
eum334,김시우,Dean_Thistle,********,cunja40@jusighoesa.kr,2002-04-14,female,01x9-0x542-x7x4x,SKT,Android,4
tenetur995,오도현,Timothy_DeepPink,********,eunjuseo@jusighoesa.com,2001-10-02,male,01x9-9x053-x8x6x,SKT,Android,2
rem128,백춘자,John_PeachPuff,********,uo@ju.kr,1990-02-09,female,01x9-5x340-x4x9x,SKT,Android,4
id152,이민석,Bryan_OldLace,********,wbag@jusighoesa.com,1988-04-06,male,01x9-5x026-x9x2x,LGU,Android,3
fugit271,이은서,Samantha_BlanchedAlmond,********,hyeonjibag@yuhanhoesa.org,1997-06-12,male,01x9-7x702-x8x5x,SKT,Android,3
doloribus404,김순옥,Donald_LightGreen,********,wi@yuhanhoesa.com,1986-12-02,female,01x9-4x244-x4x0x,LGU,Android,4
sit324,김서준,William_Aquamarine,********,hyeonugim@useo.org,1986-06-16,male,01x9-2x182-x4x1x,SKT,iOS,3
qui185,조정수,Melvin_MediumPurple,********,pcoe@angim.kr,1999-06-01,female,01x9-5x647-x8x9x,SKT,iOS,4
reiciendis162,조영희,Destiny_Indigo,********,ojiweon@igimcoe.kr,1982-03-28,male,01x9-0x295-x2x3x,KT,Android,4
rerum081,이준호,Ian_LimeGreen,********,siu95@igim.kr,1993-04-24,male,01x9-5x390-x4x7x,KT,Android,3
odio037,안승민,Jessica_SaddleBrown,********,yeongsigi@jusighoesa.kr,1990-12-24,female,01x9-2x440-x9x4x,SKT,Android,3
quod611,전병철,Kevin_HotPink,********,oheo@ju.org,1982-11-08,female,01x9-5x878-x8x5x,LGU,Android,4
nobis673,서지영,Gregory_Crimson,********,seonghyeon29@ii.com,1995-05-07,female,01x9-6x808-x0x5x,LGU,iOS,2
error751,이영철,John_Tomato,********,seonghogim@ju.com,1992-01-07,male,01x9-8x106-x9x6x,KT,Android,4
earum506,이영숙,Julia_PapayaWhip,********,bgim@gimnabag.com,1995-07-12,male,01x9-7x066-x4x3x,MVNO,Android,3
numquam317,조혜진,Tony_AntiqueWhite,********,bagyeongjin@gimsong.com,1987-03-21,male,01x9-5x565-x9x0x,SKT,Android,2
impedit446,황상철,Charles_SlateGray,********,hyejingim@jusighoesa.net,1987-01-23,male,01x9-2x018-x1x0x,KT,Android,4
mollitia065,이서영,Aaron_SpringGreen,********,pseo@bagugim.kr,1988-09-03,male,01x9-9x403-x4x9x,SKT,Android,4
magni182,김지훈,Charles_DarkGreen,********,heobyeongceol@ju.com,1993-06-01,female,01x9-9x809-x9x9x,SKT,iOS,3
necessitatibus716,홍정순,Melissa_DarkRed,********,ijeongho@ju.org,1984-01-17,female,01x9-9x918-x0x4x,SKT,iOS,4
sint186,김미경,Kelly_Gray,********,sangho71@coegim.com,1995-06-18,female,01x9-6x751-x1x3x,LGU,iOS,3
possimus130,박경수,Mary_LimeGreen,********,seonyeong01@baehagim.net,2004-02-12,female,01x9-8x724-x1x6x,SKT,iOS,4
error747,김미영,Kristi_LightGray,********,cgim@ju.net,1983-08-23,male,01x9-6x544-x4x8x,MVNO,Android,3
fugit926,최혜진,Barry_CornflowerBlue,********,yeongceol62@gimyun.com,1988-10-28,male,01x9-2x576-x3x2x,SKT,Android,3
accusamus310,이명숙,Lori_DarkOrchid,********,jeonghunheo@coegimbag.com,1989-05-12,female,01x9-0x082-x6x1x,SKT,iOS,3
aspernatur379,김현정,Norman_SeaShell,********,mi@yuhanhoesa.org,1986-12-10,male,01x9-1x541-x8x2x,LGU,Android,3
quia847,이광수,Alyssa_Tomato,********,ebag@baggim.kr,1994-04-30,male,01x9-3x406-x7x1x,MVNO,Android,4
corporis013,김종수,Stephanie_BurlyWood,********,gweonareum@gimjigim.com,1998-01-01,male,01x9-5x927-x7x5x,SKT,Android,3
expedita638,박재현,Clayton_LimeGreen,********,janggeonu@bagjeonggim.org,1982-11-08,male,01x9-5x522-x4x9x,SKT,iOS,4
doloremque815,김영희,Gary_Red,********,jihugim@yu.kr,1987-03-24,male,01x9-3x934-x6x3x,KT,Android,3
quia440,이지훈,Suzanne_Blue,********,mijeongi@gweongimgang.kr,1990-03-20,female,01x9-1x518-x0x0x,KT,Android,1
tenetur681,이수진,Melissa_MediumTurquoise,********,seongjin28@jobag.kr,1982-03-25,female,01x9-6x395-x9x1x,KT,Android,3
libero386,김시우,Kimberly_SteelBlue,********,jihu78@yuhanhoesa.com,1999-01-07,male,01x9-2x453-x9x9x,SKT,Android,4
dolorem665,손영철,Sylvia_DarkSeaGreen,********,yeongsubae@igweongim.kr,2003-07-22,male,01x9-9x595-x1x2x,SKT,Android,2
nostrum908,박지은,Patricia_Thistle,********,gangeunjeong@bagganggim.com,1984-09-08,female,01x9-1x807-x6x8x,KT,Android,3
earum199,이재현,Michele_MediumSpringGreen,********,njo@ju.com,2005-03-30,female,01x9-1x929-x6x9x,MVNO,Android,2
rerum930,이예진,Ryan_Blue,********,junyeongjo@yu.org,1994-07-11,female,01x9-5x266-x2x1x,LGU,Android,4
vitae990,이서현,Angela_DeepPink,********,yejinbag@yuhanhoesa.com,1986-06-30,female,01x9-7x174-x9x6x,LGU,Android,4
non242,김지원,Haley_LightCyan,********,gimyejin@iigang.com,1993-07-05,male,01x9-6x028-x0x5x,SKT,Android,1
deserunt719,강지훈,Mikayla_PaleTurquoise,********,sanghunjang@jusighoesa.org,1982-10-10,male,01x9-8x383-x4x6x,MVNO,Android,4
itaque167,최준영,Helen_SaddleBrown,********,hcoe@ju.com,1981-09-15,male,01x9-8x951-x4x6x,MVNO,iOS,3
totam516,강정남,Stephanie_FloralWhite,********,cnam@ihwangjeon.com,1998-01-07,female,01x9-0x170-x0x2x,LGU,Android,2
culpa316,박영환,Jason_SeaGreen,********,hi@jiigim.kr,1987-06-10,male,01x9-2x382-x8x3x,SKT,Android,2
unde777,윤민석,Jennifer_Violet,********,iseunghyeon@ju.kr,2001-03-02,male,01x9-9x318-x5x3x,KT,Android,3
libero830,이영자,Brianna_Lavender,********,sunja36@yuhanhoesa.com,2004-01-15,male,01x9-8x734-x4x3x,KT,Android,3
numquam814,윤상훈,Robert_MediumBlue,********,gwangsuan@yu.kr,1987-03-12,female,01x9-8x612-x8x4x,SKT,Android,2
praesentium250,이성호,Rachel_AntiqueWhite,********,yeeuni@yu.org,1989-02-21,male,01x9-7x966-x8x7x,SKT,iOS,2
tempora328,김옥순,Daniel_DarkKhaki,********,haeun43@bagcoegim.net,1995-02-04,male,01x9-1x941-x3x3x,SKT,Android,2
adipisci205,이민재,Jennifer_OrangeRed,********,heosunog@gimgim.org,1985-08-09,male,01x9-2x418-x9x9x,SKT,Android,1
maiores239,이정숙,Terri_FireBrick,********,gimjungsu@yuhanhoesa.com,2004-04-10,female,01x9-0x186-x3x5x,SKT,Android,2
nemo865,허성민,Steven_FloralWhite,********,jihyeon71@jusighoesa.kr,2005-03-28,female,01x9-6x889-x1x7x,MVNO,Android,3
animi630,고영자,Jose_MediumSlateBlue,********,minsuca@ju.kr,1997-02-28,female,01x9-8x729-x6x5x,KT,Android,4
animi577,김준서,Joseph_Snow,********,yeongsig02@yu.org,1999-05-30,male,01x9-4x858-x5x2x,KT,iOS,1
occaecati016,장진우,Chad_Tan,********,bagjiyeong@gugim.kr,1988-07-14,female,01x9-8x123-x5x9x,SKT,Android,2
sapiente925,김정수,Jimmy_Chartreuse,********,gimjia@ju.com,2004-12-16,male,01x9-5x563-x7x3x,SKT,Android,2
vitae169,김서준,Caitlin_Coral,********,ki@ina.com,1996-08-08,female,01x9-5x857-x0x4x,KT,Android,2
debitis195,민미경,Adam_Teal,********,hyeonjeonggim@yuhanhoesa.com,1983-02-18,male,01x9-8x117-x9x1x,SKT,Android,4
natus437,김정호,Kathleen_Lavender,********,seojuni@hanbagbae.kr,1993-05-12,male,01x9-8x930-x8x4x,SKT,Android,1
fugiat057,류경수,Christian_Gainsboro,********,li@yuhanhoesa.org,1981-06-27,female,01x9-5x876-x5x2x,KT,iOS,2
amet203,서도윤,Abigail_Lime,********,hyeonsug58@yu.com,1982-05-29,male,01x9-5x894-x9x9x,LGU,Android,4
porro368,구재현,Allison_DarkTurquoise,********,xim@igimgim.kr,1992-09-08,male,01x9-4x583-x9x3x,SKT,iOS,4
sed415,이재호,Nicole_Orchid,********,hyeonjeonggu@yu.com,1996-12-12,male,01x9-0x411-x8x7x,SKT,Android,3
voluptates908,홍민준,Daniel_Gold,********,fu@ju.com,1999-12-19,male,01x9-8x331-x4x4x,SKT,Android,4
inventore860,김동현,Jesse_MediumTurquoise,********,gimyujin@ju.org,1988-09-27,male,01x9-1x060-x6x5x,LGU,iOS,4
nobis204,최현우,Lance_DodgerBlue,********,sonseohyeon@ryucoe.com,2005-12-30,male,01x9-7x651-x1x7x,SKT,iOS,3
porro149,김옥자,Sean_SlateGray,********,gimeunji@yu.com,1995-11-25,female,01x9-0x395-x3x2x,LGU,Android,4
eveniet607,박민지,Jason_DeepSkyBlue,********,yeonggilcoe@yu.com,1993-07-12,male,01x9-0x727-x0x0x,MVNO,Android,1
officiis068,김승민,Howard_LawnGreen,********,jeongsu82@jonoi.com,1983-03-10,male,01x9-3x283-x9x0x,SKT,Android,4
doloribus601,김시우,Jeffrey_Green,********,seunghyeongim@baggim.kr,2001-09-06,female,01x9-4x728-x2x0x,SKT,iOS,2
voluptatum071,최은지,Brenda_DarkBlue,********,caeweongim@igimi.org,1999-08-10,male,01x9-4x139-x1x6x,SKT,iOS,1
tenetur608,안영진,Cody_LightCoral,********,baggyeongsug@gimi.org,2000-12-20,male,01x9-7x594-x2x6x,SKT,iOS,4
ipsum181,이병철,Dana_Maroon,********,vi@yuhanhoesa.com,1982-05-15,female,01x9-4x274-x5x2x,SKT,Android,1
sint236,강채원,Brandon_Silver,********,rgim@igimson.org,1992-09-10,female,01x9-4x843-x5x7x,SKT,Android,2
ullam217,황서연,Donna_Salmon,********,jeongnam25@seogangi.org,1988-06-01,male,01x9-5x511-x5x6x,LGU,Android,1
ipsa393,이영환,Luke_MediumSlateBlue,********,jeongnamo@yunryugim.com,1985-08-09,male,01x9-1x390-x2x4x,KT,Android,4
eos478,류상훈,Jennifer_SaddleBrown,********,nson@gimyuni.com,1990-08-23,male,01x9-8x272-x4x8x,SKT,iOS,4
distinctio498,문현숙,Mary_Sienna,********,doyun62@janggim.org,1995-02-17,female,01x9-0x421-x2x5x,SKT,iOS,3
perspiciatis647,김진우,Henry_DeepPink,********,yejin66@hanmuni.kr,1996-11-18,female,01x9-6x682-x3x1x,MVNO,Android,2
eaque640,고승현,Lisa_SandyBrown,********,hyeonjuheo@gimgimgim.com,1981-08-26,male,01x9-1x822-x9x9x,SKT,Android,4
dolor280,박준서,Leslie_FloralWhite,********,songcunja@gimyun.kr,1990-07-18,male,01x9-1x439-x3x7x,MVNO,iOS,4
blanditiis274,김지혜,Jerome_PowderBlue,********,ejeong@jusighoesa.com,1987-06-27,male,01x9-3x472-x9x5x,SKT,iOS,4
fugiat570,정은영,John_DeepPink,********,yeongsigi@yu.net,1987-10-04,male,01x9-1x642-x9x6x,KT,Android,4
ratione025,서지영,Christopher_Silver,********,minjuni@ancoe.com,1981-05-30,male,01x9-6x475-x6x9x,KT,iOS,4
adipisci061,오민석,Holly_SaddleBrown,********,gimjiyeong@yuhanhoesa.kr,1986-05-08,male,01x9-1x795-x2x7x,SKT,Android,4
hic004,김정수,Alyssa_DarkViolet,********,sunjai@yu.com,2001-01-31,female,01x9-0x375-x1x3x,SKT,Android,2
libero694,이병철,Raymond_SlateGray,********,jeongja38@ju.com,1991-08-27,male,01x9-5x651-x4x8x,SKT,Android,1
blanditiis445,허민서,Tammy_DodgerBlue,********,jeongja28@songjin.org,1982-02-26,female,01x9-0x395-x5x9x,KT,iOS,4
officia202,박성수,Steven_GreenYellow,********,gimcaeweon@seoan.com,2003-02-16,female,01x9-3x602-x3x5x,SKT,Android,3
accusantium018,김혜진,Justin_Moccasin,********,jeongsig90@gimbag.org,1995-04-05,female,01x9-5x406-x6x6x,KT,iOS,4
corporis983,이지훈,Andrea_GreenYellow,********,mgim@yu.kr,1997-04-15,female,01x9-0x148-x3x4x,SKT,Android,1
fugiat282,강정웅,Jenny_RosyBrown,********,eunyeong10@imiseo.com,1989-01-26,male,01x9-8x653-x5x5x,KT,Android,3
veritatis359,박경숙,Olivia_Gainsboro,********,yunyeongho@jusighoesa.kr,1986-05-22,male,01x9-0x985-x9x5x,KT,iOS,2
similique611,김지은,Danielle_LightPink,********,hyeonsug16@yuhanhoesa.org,1992-12-07,male,01x9-0x187-x6x3x,KT,Android,2
iusto077,김지우,Keith_Chocolate,********,yeji14@jusighoesa.kr,1984-08-01,male,01x9-3x295-x2x5x,KT,Android,4
aut959,박아름,David_Aqua,********,ao@yu.com,1982-01-23,male,01x9-1x546-x3x7x,KT,Android,3
voluptatem734,김영호,Barbara_DarkSalmon,********,minseog89@yuhanhoesa.kr,1981-11-14,male,01x9-4x829-x3x6x,SKT,Android,4
est212,최지은,Nicole_Red,********,gyeongsugim@ju.kr,1991-05-10,female,01x9-8x905-x0x5x,KT,iOS,4
praesentium634,최영수,Abigail_PaleVioletRed,********,eunseo35@yu.net,1982-04-07,male,01x9-9x195-x5x8x,KT,iOS,4
porro106,이선영,Jimmy_PaleGoldenRod,********,namjeongsig@yu.kr,1986-12-25,male,01x9-4x242-x4x6x,LGU,iOS,4
fuga150,홍현주,Stephanie_Peru,********,seoyeongho@gimi.kr,1999-01-29,male,01x9-5x740-x6x8x,KT,Android,2
modi474,이현지,George_HoneyDew,********,seohyeon89@imgogweon.org,1999-11-10,male,01x9-3x861-x9x7x,KT,Android,4
rem357,이상호,Emily_PaleGoldenRod,********,jihu89@jusighoesa.org,2000-04-14,female,01x9-1x593-x4x5x,LGU,Android,3
dolor573,남준서,Michelle_Indigo,********,jiyeong96@ju.com,2003-11-07,female,01x9-3x007-x3x4x,SKT,Android,2
doloribus215,김영식,Scott_LightSteelBlue,********,vbag@jocoego.org,1989-01-05,female,01x9-7x610-x3x3x,LGU,Android,1
saepe865,김미숙,Emily_Coral,********,gweonseongho@coegim.org,2000-07-17,male,01x9-5x385-x5x0x,SKT,Android,1
velit956,이현준,Cody_Ivory,********,gimseungmin@yu.kr,1989-11-17,male,01x9-8x834-x6x5x,LGU,Android,3
praesentium331,고은서,Mark_LightYellow,********,sangceol27@ii.net,1987-01-09,male,01x9-3x120-x8x2x,MVNO,Android,4
omnis702,홍윤서,Shawn_Aquamarine,********,eungyeong95@jusighoesa.kr,1990-03-23,female,01x9-9x184-x3x7x,SKT,Android,3
nostrum346,최재호,Lance_Wheat,********,songeunju@jusighoesa.com,2003-05-11,male,01x9-0x446-x5x3x,MVNO,iOS,3
molestias787,문준혁,Brad_DarkCyan,********,gyeongsugcoe@ogim.kr,1983-10-12,male,01x9-3x850-x9x9x,LGU,iOS,4
eius413,남준혁,Mitchell_Azure,********,mi@yu.org,1987-01-03,female,01x9-0x538-x3x7x,SKT,iOS,2
alias288,김선영,Lindsey_LightGoldenRodYellow,********,minjae86@gimsongi.com,2004-12-05,female,01x9-2x647-x7x2x,SKT,Android,2
illo639,이상훈,Michelle_BurlyWood,********,yeonghwan98@hwanggweonim.net,1995-04-09,male,01x9-5x966-x7x7x,SKT,iOS,3
corporis426,손춘자,Terri_LawnGreen,********,jeongsuggim@gimgweoncoe.kr,1994-02-23,female,01x9-1x553-x2x4x,SKT,Android,4
pariatur679,이영자,Paul_LimeGreen,********,isujin@ju.kr,1985-04-24,male,01x9-6x049-x1x2x,SKT,iOS,3
tempore747,곽영호,Jason_AliceBlue,********,sgim@gimjeonan.kr,2004-02-18,female,01x9-2x634-x2x2x,SKT,Android,3
in549,민상철,Benjamin_LavenderBlush,********,sunjajang@yu.com,1988-02-07,male,01x9-3x433-x1x3x,SKT,Android,2
rerum235,이건우,Carmen_MediumSeaGreen,********,junseogim@gimigim.kr,1981-04-23,male,01x9-2x329-x4x3x,SKT,iOS,4
magni050,김영일,Katherine_OrangeRed,********,gimmigyeong@ryuna.org,1989-12-28,male,01x9-6x810-x4x2x,LGU,Android,1
quis740,이승현,Lance_Gainsboro,********,eungyeong75@bagihwang.kr,1997-01-14,female,01x9-1x680-x2x4x,SKT,iOS,3
laborum689,김민서,Robin_GreenYellow,********,jeongsugi@baggim.com,1998-06-13,female,01x9-7x919-x3x0x,SKT,iOS,3
delectus506,조정식,Patrick_Orange,********,seohyeongim@yuhanhoesa.org,1983-06-18,female,01x9-9x425-x2x6x,KT,Android,4
laudantium545,박은서,James_MediumAquaMarine,********,ggim@anyungim.kr,1995-02-02,male,01x9-9x245-x6x0x,SKT,iOS,4
maxime369,김예지,Nicholas_CornflowerBlue,********,isunja@ju.com,1998-06-02,female,01x9-8x548-x9x7x,SKT,Android,4
aliquam397,김서윤,Charles_GreenYellow,********,hi@yuhanhoesa.net,2005-08-25,male,01x9-2x654-x2x7x,SKT,iOS,4
distinctio685,강도윤,Erica_DeepSkyBlue,********,iseojun@baggim.com,1998-11-22,male,01x9-6x380-x9x4x,SKT,Android,4
ullam564,장정호,Heather_Plum,********,seojungweon@yu.com,2006-01-12,female,01x9-2x911-x2x6x,KT,Android,4
tenetur900,손영자,Brady_Chartreuse,********,jeonghyi67@heogim.com,1998-08-04,female,01x9-5x301-x4x6x,KT,Android,2
dicta773,김미숙,Ronnie_PapayaWhip,********,sgim@gimsimcoe.kr,1992-03-27,female,01x9-7x541-x5x5x,MVNO,Android,2
modi782,조영숙,Kristen_Purple,********,bgwag@jangryu.org,2000-11-21,male,01x9-2x096-x2x7x,SKT,Android,3
nam978,안상호,Joshua_ForestGreen,********,oo@angimi.com,2000-03-24,male,01x9-4x612-x6x4x,LGU,Android,4
delectus318,고채원,Latoya_SteelBlue,********,sunjagim@minganggang.org,1984-04-10,female,01x9-4x861-x0x4x,SKT,Android,2
nulla528,이영철,Kimberly_Teal,********,sanghun73@jusighoesa.com,1985-05-09,male,01x9-9x660-x3x8x,LGU,Android,3
amet129,이성현,Rachel_LightCyan,********,hyeonjeong20@yu.kr,1986-10-10,female,01x9-5x940-x4x3x,KT,Android,1
rerum931,윤은서,Vicki_LawnGreen,********,gimsubin@yu.kr,1989-06-27,female,01x9-9x681-x9x5x,LGU,Android,1
cum661,한준호,Lisa_LightGray,********,dohyeongim@jusighoesa.kr,1997-04-07,female,01x9-0x980-x8x8x,SKT,Android,4
laboriosam182,양민석,Brian_MediumAquaMarine,********,iseunghyeon@yu.com,2005-12-29,male,01x9-7x536-x9x4x,SKT,Android,4
officiis637,최미경,Wanda_Lime,********,oim@ju.com,2005-01-23,male,01x9-8x608-x7x3x,SKT,iOS,4
odit260,이중수,Pamela_LightPink,********,byeongceol40@yu.kr,1996-12-12,male,01x9-3x563-x4x3x,KT,Android,4
rem611,김아름,Christopher_Chartreuse,********,gwagseohyeon@gimgim.com,2001-10-19,male,01x9-5x440-x7x4x,SKT,iOS,1
tenetur067,서순자,Robert_IndianRed,********,thwang@ju.com,1993-09-20,female,01x9-8x265-x7x2x,SKT,iOS,2
veniam249,송현지,Benjamin_LimeGreen,********,seongminsong@hani.org,1982-09-18,male,01x9-3x368-x2x8x,LGU,Android,4
corporis552,정채원,Paul_SlateGray,********,gyeonghyi83@yungang.org,1983-12-27,female,01x9-5x003-x5x8x,MVNO,iOS,3
unde610,이춘자,Bruce_IndianRed,********,jijunyeong@gimi.com,2001-10-18,male,01x9-7x779-x1x1x,SKT,iOS,2
vero111,김명숙,Brian_LightGreen,********,jeongja84@ju.kr,1983-05-01,female,01x9-2x046-x7x8x,KT,Android,2
alias275,이건우,Kimberly_Wheat,********,yeongmi11@iii.kr,1982-11-17,female,01x9-1x159-x6x6x,KT,Android,4
doloribus717,안미숙,Phillip_LightCyan,********,wnam@ju.kr,2000-01-03,male,01x9-9x716-x9x4x,SKT,Android,2
laborum696,박시우,Jacqueline_Aqua,********,hyeonju68@gangi.com,1992-08-29,male,01x9-1x668-x1x6x,LGU,iOS,4
id187,김은서,John_MediumSeaGreen,********,yeongsugim@gimgim.org,1988-06-25,male,01x9-2x741-x9x1x,SKT,Android,3
nostrum743,손지원,Brittany_BlanchedAlmond,********,yeongsugi@yuhanhoesa.com,2003-07-06,male,01x9-6x493-x0x7x,SKT,iOS,4
reprehenderit083,박영길,Robert_Turquoise,********,gwangsubag@gimbagjeong.com,1987-11-04,female,01x9-0x405-x5x5x,LGU,iOS,4
dolores770,최승현,Kenneth_DarkCyan,********,kgim@gimgimbag.net,1992-04-22,male,01x9-9x469-x0x9x,KT,Android,4
eius506,문옥순,Maureen_SeaShell,********,yeweonjeong@yu.kr,1982-07-26,male,01x9-4x840-x7x8x,KT,Android,4
corporis601,김지민,William_Snow,********,mi@gimbag.org,1989-01-30,female,01x9-5x653-x3x2x,SKT,iOS,2
dolorem122,정미정,Charles_SlateBlue,********,yeongsui@coesong.org,1981-05-08,female,01x9-7x840-x6x5x,KT,Android,4
similique365,이시우,Stephen_SteelBlue,********,qi@yu.com,1984-12-20,male,01x9-9x845-x5x2x,LGU,iOS,1
quod139,최성훈,Todd_SandyBrown,********,yunseobag@bagryu.org,1999-10-29,female,01x9-1x085-x7x9x,KT,Android,2
esse921,윤영호,Jeffrey_FloralWhite,********,ihyeonsug@hanijang.net,1981-05-11,female,01x9-9x803-x7x0x,SKT,Android,3
ea533,김승현,Patrick_DarkSeaGreen,********,gimjiyeon@ju.kr,2001-06-03,male,01x9-0x148-x3x5x,SKT,Android,4
dolores408,김미경,Jessica_BlueViolet,********,seoseongho@gimi.com,2001-08-03,male,01x9-4x532-x2x8x,KT,iOS,4
voluptatum713,최미경,Matthew_Chocolate,********,rcoe@yu.com,1999-07-05,male,01x9-7x559-x7x5x,KT,Android,3
delectus302,박영진,Amy_Sienna,********,ogja79@mungim.com,1984-08-11,male,01x9-2x793-x4x5x,SKT,Android,3
itaque025,고민석,Amanda_PaleTurquoise,********,munminsu@yu.com,1995-02-01,male,01x9-0x230-x8x3x,KT,iOS,4
enim595,김채원,Brian_Wheat,********,isanghyeon@jusighoesa.com,1990-10-28,male,01x9-5x545-x7x5x,LGU,Android,3
fuga574,강현숙,Charlene_Peru,********,zi@goseo.kr,1995-10-05,male,01x9-2x720-x1x2x,KT,iOS,3
assumenda978,이하윤,Angela_Lavender,********,jangeungyeong@igim.kr,1984-10-02,male,01x9-4x107-x3x9x,LGU,Android,3
nobis329,성보람,Beth_LightSkyBlue,********,ihong@ju.net,2002-05-23,male,01x9-5x503-x4x8x,SKT,Android,2
alias981,김주원,Michael_OrangeRed,********,icoe@gimcoei.com,1990-10-06,female,01x9-8x567-x2x1x,LGU,Android,3
dignissimos225,서지민,Amy_ForestGreen,********,qo@yuhanhoesa.kr,2001-11-15,female,01x9-6x615-x3x0x,LGU,iOS,2
ab637,이지원,Eric_GhostWhite,********,seonyeong14@yu.net,1995-07-29,female,01x9-6x200-x8x0x,SKT,Android,4
quam471,김정순,Sarah_DarkCyan,********,yejun34@gimgimgim.org,1987-04-18,male,01x9-6x455-x2x7x,KT,Android,3
reprehenderit020,이중수,Samantha_Coral,********,seongjeongnam@yuhanhoesa.com,2005-04-29,male,01x9-5x246-x3x6x,MVNO,Android,2
repellat916,양영환,James_LightSkyBlue,********,sunoggim@yuhanhoesa.net,1993-04-09,male,01x9-4x572-x2x0x,KT,Android,4
sit566,김지우,Rachel_Maroon,********,eunjeong04@yuhanhoesa.com,1989-12-11,male,01x9-9x210-x0x9x,SKT,Android,4
voluptas540,김중수,Jared_Silver,********,jiyeonca@baggimo.com,1986-09-04,female,01x9-5x963-x9x6x,KT,Android,3
culpa271,차하은,Timothy_Gainsboro,********,iyeeun@ogim.net,1998-06-11,male,01x9-7x325-x5x9x,KT,Android,3
ullam150,안현우,Daniel_Ivory,********,gimjiyeon@yuhanhoesa.kr,1998-12-31,male,01x9-9x493-x5x7x,MVNO,Android,4
nesciunt923,윤수빈,Nicole_Tomato,********,bgim@igim.com,1984-12-28,male,01x9-7x528-x7x7x,LGU,iOS,3
natus882,윤도윤,Michael_HoneyDew,********,gha@ju.com,1990-09-03,male,01x9-6x701-x2x3x,SKT,iOS,4
pariatur544,신주원,Laura_PaleTurquoise,********,jiason@yuhanhoesa.net,1996-01-06,male,01x9-5x857-x9x7x,LGU,Android,1
eum712,윤민지,Eric_LightCyan,********,hyeonjun88@yu.kr,1991-01-26,male,01x9-2x424-x6x3x,KT,Android,4
quis765,이광수,George_DarkSeaGreen,********,syun@josingim.net,1990-07-29,male,01x9-8x495-x9x6x,SKT,Android,3
earum584,김정수,Autumn_WhiteSmoke,********,ogim@yu.kr,2005-04-30,male,01x9-3x621-x9x8x,SKT,iOS,4
animi100,손건우,Debra_MediumTurquoise,********,ieunyeong@gimii.org,1984-12-30,female,01x9-3x859-x3x1x,SKT,iOS,4
facere418,주진우,Jason_Red,********,jinubaeg@hongcoegwag.kr,2005-01-10,male,01x9-3x333-x2x2x,SKT,Android,3
fuga461,권영환,Larry_PowderBlue,********,hanyeongceol@ju.kr,1991-11-01,male,01x9-6x042-x3x3x,KT,Android,4
facere694,서지아,Amber_Aquamarine,********,junhyeogo@juyang.kr,1986-08-25,female,01x9-2x706-x5x0x,KT,iOS,3
omnis084,김성호,Tanya_Cornsilk,********,jiu12@yu.com,1985-06-21,male,01x9-2x888-x6x3x,KT,iOS,3
eligendi932,이중수,Susan_DarkOliveGreen,********,jimingim@yu.com,1999-10-03,male,01x9-1x759-x7x6x,LGU,Android,3
laborum781,엄옥순,Kristopher_PapayaWhip,********,sugjacoe@yu.com,1998-01-14,male,01x9-2x161-x8x4x,KT,Android,2
consectetur025,이정희,Sean_PowderBlue,********,jiayang@jusighoesa.com,1997-03-07,female,01x9-4x538-x9x8x,SKT,Android,1
modi899,장상훈,Adam_DimGray,********,yeongsug49@yanggim.com,1994-12-14,male,01x9-0x710-x6x7x,KT,iOS,2
officia646,박예지,Elizabeth_Coral,********,coejungsu@yuhanhoesa.com,1988-05-28,male,01x9-6x077-x4x9x,LGU,Android,4
blanditiis989,조서현,Edward_Aquamarine,********,yunseo16@gimbag.net,1990-01-08,female,01x9-0x974-x7x1x,SKT,Android,3
enim015,이예지,Donald_DarkGoldenRod,********,gyeonghyi82@yuhanhoesa.com,1995-04-24,female,01x9-5x102-x9x9x,LGU,Android,4
amet307,박지민,Connor_DeepSkyBlue,********,gimeunju@joi.com,1982-09-10,female,01x9-4x099-x9x6x,SKT,iOS,4
distinctio576,김지은,Gary_Khaki,********,hyeonu08@ju.kr,1986-02-27,male,01x9-7x053-x2x0x,LGU,Android,3
voluptatibus841,오서현,Samuel_OldLace,********,jugyeongsu@ju.kr,1996-07-14,female,01x9-3x897-x6x4x,SKT,iOS,1
quidem394,이상호,David_Indigo,********,ygim@yu.kr,1997-09-16,female,01x9-8x847-x6x7x,SKT,Android,4
fugiat020,박현우,Anthony_Chartreuse,********,bagjeongung@hanno.kr,1987-08-30,male,01x9-7x289-x2x9x,SKT,Android,4
optio779,이선영,Meghan_Salmon,********,hyeonjuju@coejogim.net,1995-04-25,male,01x9-5x420-x1x9x,SKT,Android,1
nulla188,조상현,Jeffery_Olive,********,jeongsu18@eomgim.net,2003-12-28,female,01x9-7x140-x0x1x,SKT,Android,4
illum633,허정자,Jacqueline_SkyBlue,********,jungsucoe@ju.kr,1992-10-07,male,01x9-2x756-x2x0x,SKT,Android,4
optio745,안영숙,Jill_IndianRed,********,sanghyeoni@angimcoe.net,2000-03-16,female,01x9-1x665-x3x6x,SKT,Android,4
eligendi503,임혜진,Hayley_CornflowerBlue,********,ocoe@jangbagyun.kr,2001-07-27,male,01x9-0x923-x0x5x,LGU,Android,3
beatae731,김경희,Julie_Silver,********,minsugim@gimgu.org,1985-09-21,female,01x9-1x986-x3x6x,SKT,Android,4
pariatur347,노정남,Carlos_LightCoral,********,anjeongsu@yu.kr,1984-07-18,female,01x9-7x436-x4x0x,SKT,Android,3
exercitationem240,박상철,Heather_DodgerBlue,********,wno@jangiryu.kr,1985-09-15,male,01x9-6x677-x4x7x,MVNO,Android,3
cumque537,이예진,Barbara_ForestGreen,********,jeongsun80@yu.kr,2005-08-14,female,01x9-0x516-x0x9x,SKT,Android,4
quibusdam481,허상현,Lee_SeaGreen,********,bagsanghun@ocoe.com,2001-05-27,male,01x9-7x404-x0x0x,KT,iOS,3
perferendis283,주영진,Jeffrey_Thistle,********,igwangsu@baeyang.kr,2004-05-24,female,01x9-9x310-x0x8x,SKT,Android,4
expedita326,손중수,Shannon_Gray,********,seoyeongim@yuhanhoesa.com,2004-07-10,male,01x9-2x332-x0x9x,KT,Android,2
soluta080,김보람,Gwendolyn_Olive,********,sumin41@jusighoesa.com,2004-08-06,male,01x9-9x583-x1x5x,SKT,iOS,4
fugiat769,한채원,Jennifer_Indigo,********,myeongjagim@jusighoesa.org,2003-04-02,male,01x9-1x746-x2x3x,KT,Android,2
voluptate494,한지후,David_DarkRed,********,jeongho87@ii.com,1989-10-09,female,01x9-3x584-x7x5x,SKT,Android,3
ullam916,심윤서,Joel_MediumAquaMarine,********,jeongungi@bagseo.com,1992-08-30,female,01x9-7x887-x5x6x,MVNO,Android,1
accusantium105,박예준,Candace_RoyalBlue,********,gimujin@bagseogim.org,2002-03-06,male,01x9-1x887-x7x3x,KT,Android,1
alias620,김서연,Travis_Plum,********,gimseohyeon@iigim.com,1994-05-01,male,01x9-5x536-x1x8x,SKT,Android,4
tempora647,윤수진,Marilyn_Pink,********,jaehyeonhong@yuhanhoesa.org,1992-02-03,male,01x9-3x998-x6x5x,KT,Android,3
a341,김영호,Amanda_LightSteelBlue,********,ti@yu.com,1994-07-16,male,01x9-3x336-x5x2x,SKT,Android,4
distinctio356,김경자,Scott_Ivory,********,anogsun@baggim.org,1981-08-14,female,01x9-2x877-x7x7x,LGU,iOS,4
laboriosam475,오성민,Daniel_DeepSkyBlue,********,jaehyeon65@johwang.kr,1996-12-26,female,01x9-7x659-x5x8x,MVNO,Android,4
necessitatibus634,윤옥자,Janet_Silver,********,yeonghyii@yu.com,2002-11-27,female,01x9-1x674-x6x7x,LGU,Android,3
sunt862,양민재,Joe_SlateGray,********,sunjaha@jusighoesa.com,1984-09-04,male,01x9-2x159-x0x8x,KT,iOS,3
quia780,김성진,Juan_BurlyWood,********,msong@ju.net,1984-02-10,male,01x9-4x171-x2x7x,LGU,Android,4
deleniti282,이예지,Greg_DarkOrchid,********,eunjii@gangyangyun.kr,1991-07-07,male,01x9-3x205-x9x5x,SKT,Android,1
tenetur118,한건우,Jane_Fuchsia,********,junseo03@gimjang.kr,1984-07-22,male,01x9-8x990-x9x6x,SKT,Android,4
tenetur022,주성수,Seth_LightYellow,********,seongsugim@jangjangbag.com,1992-10-15,female,01x9-7x502-x4x6x,SKT,iOS,4
distinctio250,오준영,Nicole_Pink,********,gyeonghyi77@gweonyang.kr,1994-07-26,female,01x9-1x209-x7x1x,SKT,iOS,3
perferendis896,윤민지,Samantha_White,********,gyeongsugbag@hanseogim.org,1999-09-30,male,01x9-1x481-x5x6x,KT,Android,3
doloremque340,한예은,Brandy_Khaki,********,yujini@yu.com,1997-12-09,male,01x9-8x883-x9x1x,SKT,Android,2
quos702,류성현,Johnny_Teal,********,dgim@jusighoesa.com,2002-02-24,male,01x9-8x253-x7x7x,SKT,Android,3
id015,황경희,Amy_DeepPink,********,seohyeonbag@gimmun.com,2005-02-20,male,01x9-5x656-x1x2x,LGU,Android,3
perspiciatis192,류민지,Bailey_BlueViolet,********,jimin19@gimgweon.kr,2000-06-01,female,01x9-7x458-x9x8x,SKT,iOS,3
officiis433,김상철,Felicia_DarkSalmon,********,gimseoyeong@hangim.com,1994-04-07,female,01x9-9x882-x1x5x,KT,Android,4
magnam344,김현우,Michael_DarkGreen,********,vi@sinibag.com,1993-03-15,male,01x9-6x262-x1x6x,SKT,Android,2
iste505,박영진,Michael_MediumTurquoise,********,zcoe@yuhanhoesa.com,2005-06-21,male,01x9-5x195-x4x1x,LGU,Android,4
dolores266,배숙자,Virginia_Ivory,********,jiu16@ju.com,1990-01-08,female,01x9-7x492-x8x9x,SKT,iOS,2
odio456,안성진,Timothy_MediumBlue,********,ogja80@yuhanhoesa.com,1983-10-22,female,01x9-2x852-x3x2x,LGU,Android,4
quibusdam450,김영수,Michael_Navy,********,ogsun50@yuhanhoesa.com,1989-10-23,male,01x9-9x278-x2x2x,SKT,Android,4
pariatur444,나은주,Billy_LightYellow,********,minjunbag@baesongbag.com,2001-10-06,male,01x9-5x083-x0x8x,SKT,Android,4
quo884,김병철,Michael_MediumPurple,********,qyang@yu.kr,1983-03-24,male,01x9-7x673-x7x9x,MVNO,Android,4
fuga683,이지아,James_Plum,********,jiweon28@ju.com,2001-02-07,male,01x9-5x757-x0x9x,KT,Android,2
sapiente458,류재호,Brenda_GoldenRod,********,seohyeon99@baegyungim.kr,1992-12-25,female,01x9-5x419-x0x6x,SKT,Android,1
provident758,김경수,Curtis_DarkGoldenRod,********,sangceol32@jusighoesa.com,2005-11-06,male,01x9-9x186-x8x4x,SKT,Android,3
distinctio616,이현준,Penny_OrangeRed,********,igim@gimryu.kr,1996-09-04,male,01x9-2x608-x2x9x,KT,Android,2
aliquam168,박준호,Danielle_GoldenRod,********,jeongseongjin@gimsonggim.org,1985-02-26,male,01x9-6x817-x4x2x,SKT,Android,3
consectetur686,배숙자,Mario_Chartreuse,********,gimseoyun@yu.org,1986-07-20,female,01x9-9x027-x0x9x,LGU,iOS,4
est933,이성진,Cristian_Magenta,********,minji88@jusighoesa.com,1984-07-07,male,01x9-0x606-x9x0x,KT,iOS,4
quia615,이현지,Kimberly_Green,********,iyeongja@yu.kr,1990-04-24,male,01x9-5x695-x0x7x,SKT,iOS,3
maxime924,최옥순,Andrew_Aquamarine,********,mgim@ju.kr,2000-10-20,male,01x9-7x805-x6x6x,KT,Android,4
vero189,김옥순,Jennifer_Gainsboro,********,caeweon07@gimigim.com,1995-08-03,female,01x9-1x631-x2x4x,SKT,Android,3
mollitia864,이명자,Matthew_LightSlateGray,********,pi@gimimyun.com,1997-07-11,female,01x9-7x878-x7x1x,MVNO,iOS,3
inventore181,강숙자,Shannon_Cornsilk,********,jangseoyeong@bagju.com,1987-02-17,male,01x9-4x784-x7x7x,SKT,Android,4
quibusdam973,황숙자,Alexis_DeepPink,********,iryu@ju.com,1993-07-06,female,01x9-0x767-x5x3x,LGU,Android,2
recusandae536,이준혁,Carl_SandyBrown,********,subinmun@baggimi.org,1991-08-20,male,01x9-3x444-x4x9x,KT,Android,3
corrupti851,김경수,Christopher_Crimson,********,ogsun67@yuhanhoesa.org,1992-04-08,male,01x9-2x588-x1x5x,SKT,Android,3
fugit955,이정순,Douglas_WhiteSmoke,********,doyuni@jusighoesa.com,1984-12-25,male,01x9-4x099-x9x9x,KT,Android,3
labore819,박준서,Suzanne_Orange,********,myeongjau@oucoe.net,1997-04-15,female,01x9-3x665-x2x3x,LGU,iOS,4
tempora093,장현준,Heather_Azure,********,hyeonji55@gimganggim.kr,1990-02-20,male,01x9-3x257-x4x5x,SKT,Android,2
porro210,송성민,Susan_Chartreuse,********,coeseonghun@iiyun.net,1985-03-01,male,01x9-7x691-x1x9x,KT,Android,3
impedit545,송민수,Rebecca_MediumBlue,********,hjang@ju.com,1996-03-16,male,01x9-4x497-x7x2x,SKT,Android,4
est579,이상훈,Charles_Pink,********,igyeonghyi@gimeom.com,1982-03-07,female,01x9-3x315-x1x6x,MVNO,Android,2
quo218,문선영,Maria_DarkKhaki,********,tgim@oseoyang.com,2005-04-01,male,01x9-3x618-x3x2x,SKT,Android,3
magni391,박서현,Thomas_MediumAquaMarine,********,doyun66@baebagi.kr,1995-11-08,male,01x9-1x921-x5x6x,SKT,Android,3
tempora601,허예진,Stephanie_MediumBlue,********,aan@ju.org,1992-08-22,female,01x9-0x177-x9x2x,KT,iOS,4
doloremque459,오영일,Paul_HotPink,********,byeongceol42@ganggim.org,2005-09-27,female,01x9-0x348-x5x0x,LGU,Android,3
commodi979,김지은,George_MediumOrchid,********,hayun92@ii.com,1991-09-10,male,01x9-8x713-x0x2x,SKT,iOS,4
quod315,손하윤,Kristy_LightBlue,********,jimini@ju.com,1983-07-24,male,01x9-1x234-x9x4x,KT,Android,3
aliquam165,김건우,Bryan_Linen,********,misug96@yuhanhoesa.com,1986-08-11,female,01x9-1x183-x1x7x,SKT,iOS,4
sint505,김진우,Ryan_MediumTurquoise,********,myeongsug63@gimna.net,1994-04-10,male,01x9-0x726-x8x9x,SKT,Android,2
explicabo805,서지아,Jacob_Fuchsia,********,jeongsugwag@yu.com,2003-10-08,male,01x9-8x699-x0x2x,SKT,Android,3
minus040,류은주,Walter_LimeGreen,********,simyeongjin@yuhanhoesa.org,1995-05-05,female,01x9-9x974-x0x4x,SKT,Android,3
culpa771,김진호,Caitlin_MediumTurquoise,********,van@jincoe.com,2005-07-31,male,01x9-0x358-x2x5x,SKT,Android,3
sapiente670,김시우,Melissa_SteelBlue,********,fo@seoi.kr,1984-11-11,male,01x9-0x260-x9x8x,KT,Android,2
harum045,김건우,Travis_LightPink,********,bagboram@yusini.org,1989-11-29,male,01x9-4x349-x4x1x,KT,Android,3
libero288,정영철,Frank_Black,********,vi@gimcoe.kr,1999-08-26,male,01x9-4x627-x1x0x,KT,Android,3
quam703,조옥자,Jessica_Gold,********,naseonghyeon@ii.org,1995-03-22,male,01x9-6x630-x4x6x,SKT,Android,4
doloribus390,김영일,Dustin_Crimson,********,dgim@gimgim.kr,2003-10-22,male,01x9-0x130-x3x8x,LGU,Android,2
ut888,김상훈,Catherine_DarkSeaGreen,********,jihyeryu@yu.com,1998-04-17,female,01x9-4x727-x7x4x,LGU,iOS,2
nihil282,김은주,Richard_LightCyan,********,iyeonggil@jusighoesa.com,1989-05-23,female,01x9-7x716-x3x7x,KT,iOS,2
consequuntur762,권수빈,Tony_PaleVioletRed,********,hyejin09@ii.org,1981-06-27,female,01x9-0x816-x8x5x,SKT,Android,2
illo070,이옥순,Timothy_DeepSkyBlue,********,yejun55@gimi.com,1990-08-21,male,01x9-6x161-x9x6x,MVNO,Android,4
quaerat221,고정희,Tina_HotPink,********,areum96@minseo.kr,1999-09-30,male,01x9-2x449-x6x2x,MVNO,iOS,4
atque960,김민재,Karina_LemonChiffon,********,rgim@gimbagju.kr,1987-07-05,male,01x9-3x566-x5x9x,SKT,iOS,3
ratione763,김예준,Kevin_MediumOrchid,********,jihungweon@hongcoe.net,2005-02-07,female,01x9-4x582-x4x9x,KT,iOS,2
aliquam304,김영숙,Steven_DarkCyan,********,ci@ju.kr,2001-02-20,male,01x9-5x349-x6x0x,LGU,Android,3
animi522,노순자,Samantha_LemonChiffon,********,uhan@ju.kr,1992-10-26,male,01x9-5x395-x4x5x,KT,iOS,3
inventore808,최순옥,Theodore_LightSeaGreen,********,uheo@yuhanhoesa.com,1995-04-29,female,01x9-6x895-x2x7x,MVNO,iOS,3
neque439,이현주,Christy_SteelBlue,********,jeongsubag@angimi.com,1994-01-29,male,01x9-2x153-x6x7x,SKT,Android,4
quos681,유영식,Mark_SaddleBrown,********,rgim@bagcoebag.org,1991-09-20,male,01x9-2x446-x9x1x,LGU,Android,3
odit420,이민서,Jennifer_Crimson,********,bageungyeong@yuhanhoesa.com,1987-07-10,male,01x9-6x929-x8x9x,MVNO,iOS,3
iste381,박영희,Alex_LightSteelBlue,********,myeongsugyun@hanhan.net,2003-04-11,male,01x9-8x034-x4x7x,SKT,Android,4
magnam717,이영희,Anthony_SpringGreen,********,baghyeonjun@jusighoesa.kr,2005-12-02,female,01x9-7x779-x9x7x,SKT,Android,2
eaque116,김정호,Kathy_DarkSlateGray,********,jeongnamyun@gimgim.com,1995-02-22,female,01x9-5x438-x1x6x,KT,Android,4
nulla537,장상현,Joshua_DarkSlateBlue,********,eomminjun@yangi.kr,1992-12-19,female,01x9-8x945-x5x6x,LGU,Android,1
ab942,김수진,Jennifer_MintCream,********,jongsu94@baggimha.kr,1994-03-15,male,01x9-3x148-x2x6x,KT,iOS,4
aspernatur476,최춘자,Justin_HotPink,********,donghyeonji@ibag.net,1991-08-09,male,01x9-1x963-x9x0x,MVNO,iOS,2
illo780,최예준,Mark_PapayaWhip,********,hyeonjunbag@ijang.com,1996-01-31,male,01x9-5x025-x5x5x,SKT,iOS,4
excepturi371,임도윤,Catherine_Gainsboro,********,munjaeho@yu.com,1994-09-23,male,01x9-3x464-x9x2x,KT,Android,3
aperiam514,심정훈,Phillip_SpringGreen,********,junhocoe@yu.net,2006-01-17,male,01x9-7x286-x8x8x,SKT,Android,1
harum900,최민석,Ryan_Violet,********,simseonghun@igim.kr,1988-04-22,male,01x9-7x805-x4x9x,SKT,Android,3
ipsa173,서영미,Valerie_Cyan,********,yeongsig62@jangbag.com,1994-11-12,male,01x9-2x279-x5x0x,MVNO,Android,4
ex189,신현준,John_DarkTurquoise,********,gyeongsugseong@jusighoesa.com,2005-01-21,female,01x9-5x037-x9x6x,KT,Android,4
eveniet584,손예진,Amanda_DarkOrchid,********,jeongsun52@gimryu.com,1989-06-13,female,01x9-7x789-x5x1x,MVNO,Android,4
ullam536,송은주,Amy_DodgerBlue,********,egim@yu.kr,1985-11-30,female,01x9-0x521-x2x3x,KT,iOS,4
molestias012,김예은,William_LimeGreen,********,eunseo40@yuhanhoesa.org,1981-07-23,female,01x9-4x962-x7x4x,KT,Android,2
occaecati841,이성민,Katherine_MediumSpringGreen,********,yeonggil98@ganggim.org,1983-10-24,female,01x9-0x698-x8x7x,MVNO,iOS,2
placeat509,최숙자,Johnny_PaleGoldenRod,********,jungsuhan@baegijang.kr,2005-05-05,male,01x9-1x177-x7x6x,KT,Android,1
fugiat532,김미정,Sydney_Orchid,********,ijiweon@bagryu.com,1987-03-21,female,01x9-2x856-x1x2x,LGU,Android,3
quo409,홍숙자,Christopher_LightSalmon,********,miyeongheo@yuhanhoesa.kr,1982-07-12,female,01x9-0x818-x7x1x,LGU,Android,3
magnam956,최민재,Joan_DarkOrange,********,hsong@ju.com,1991-11-02,male,01x9-0x614-x5x3x,LGU,Android,4
soluta240,황예준,Chelsey_Moccasin,********,yeonghwanhong@jeongryugim.com,2003-12-10,male,01x9-4x868-x9x8x,SKT,iOS,3
dicta617,오은영,Elizabeth_DimGray,********,ieunji@jusighoesa.com,1990-06-06,male,01x9-8x332-x3x0x,KT,Android,3
eveniet042,김우진,James_Wheat,********,sunja81@ju.com,1988-10-04,male,01x9-0x585-x9x7x,SKT,Android,4
tenetur536,김영호,Ricardo_Maroon,********,isubin@gimbagi.kr,1987-05-23,male,01x9-1x140-x9x4x,LGU,Android,4
esse441,박동현,Stephanie_MediumOrchid,********,yeongsigo@gimna.kr,1990-11-05,female,01x9-9x548-x8x9x,KT,Android,2
eveniet482,강지혜,Melissa_DarkSlateBlue,********,minsugim@ju.kr,1985-05-13,female,01x9-8x708-x8x4x,SKT,Android,4
explicabo443,김아름,Jeffrey_AliceBlue,********,ggim@yu.kr,2001-06-12,male,01x9-1x761-x9x0x,KT,iOS,3
praesentium354,김병철,Crystal_MediumTurquoise,********,useongsu@yuhanhoesa.com,1991-02-19,female,01x9-5x663-x4x0x,SKT,Android,3
quaerat379,양경자,Kevin_Crimson,********,minjibag@jusighoesa.net,2004-06-26,female,01x9-0x739-x8x6x,KT,Android,2
facilis579,오병철,Xavier_Lime,********,vi@yu.kr,1999-01-09,female,01x9-1x997-x8x5x,LGU,Android,3
minus870,이현숙,Christopher_LavenderBlush,********,seoyeonseo@gimgimna.kr,1995-11-29,male,01x9-9x874-x0x3x,MVNO,Android,3
odit514,한수진,Dean_DarkSlateGray,********,xi@jusighoesa.kr,1988-05-03,female,01x9-4x272-x3x4x,SKT,Android,4
repellendus888,홍순자,Rickey_Brown,********,tbag@yuhanhoesa.org,2005-10-24,male,01x9-8x698-x3x0x,KT,Android,4
autem954,이미영,Brittany_Coral,********,myeongsuggim@ju.kr,2005-08-12,male,01x9-4x749-x5x1x,LGU,Android,3
quae020,황준서,Alicia_AliceBlue,********,jeongsubag@gimi.org,1990-11-15,male,01x9-2x767-x3x0x,SKT,Android,4
quos478,박영희,Donna_BurlyWood,********,ganghyeonu@yu.com,2002-02-03,female,01x9-3x752-x3x9x,LGU,Android,3
nobis186,한민석,Sandra_Ivory,********,ganggwangsu@jusighoesa.net,1982-05-29,male,01x9-1x701-x2x8x,MVNO,iOS,3
earum835,김영환,Sarah_Cyan,********,hyeonjungim@sonyun.net,1987-11-08,male,01x9-7x061-x9x3x,SKT,iOS,3
eveniet546,백현주,Lindsay_LightCyan,********,jeongsui@yuhanhoesa.com,1999-05-08,male,01x9-6x574-x5x0x,LGU,Android,3
debitis536,곽승민,Kara_Sienna,********,gwangsui@ryuhangim.kr,1981-05-31,male,01x9-4x078-x3x8x,KT,Android,4
voluptatibus693,송진호,Joan_MediumVioletRed,********,gimsubin@ju.com,1982-02-23,male,01x9-4x415-x7x1x,SKT,iOS,4
eveniet614,이영진,Angela_GreenYellow,********,gimyeongsug@yu.com,2004-11-19,female,01x9-9x510-x0x7x,SKT,Android,4
doloribus708,지은지,Robert_Chocolate,********,ni@jusighoesa.com,1991-08-06,female,01x9-9x528-x0x4x,KT,Android,4
nisi331,유경수,Donna_DarkOrchid,********,yeeunbag@hwanggim.com,1992-07-26,male,01x9-0x629-x9x7x,SKT,Android,4
sunt964,문경희,David_AliceBlue,********,jeongho08@yu.com,1982-06-18,female,01x9-7x787-x9x4x,MVNO,iOS,1
natus805,박영숙,Gina_DarkTurquoise,********,ucoe@yuhanhoesa.com,1983-10-05,male,01x9-8x877-x8x4x,KT,Android,1
in219,권정희,Carlos_Peru,********,baghyeonsug@jusighoesa.net,1984-07-02,male,01x9-7x233-x9x7x,LGU,iOS,2
veritatis521,박성민,Melissa_LightBlue,********,baghyeonjun@gimicoe.kr,2004-02-12,male,01x9-4x199-x8x3x,LGU,iOS,4
neque148,김상현,Shannon_SkyBlue,********,hha@isongi.net,2005-07-20,female,01x9-3x672-x8x2x,KT,iOS,2
et986,김종수,James_Aqua,********,yunsujin@jusighoesa.org,2001-04-05,female,01x9-7x107-x5x6x,SKT,Android,3
fugit034,이명숙,Christina_MediumVioletRed,********,cgweon@ju.net,2005-03-29,female,01x9-3x477-x1x2x,KT,iOS,4
voluptate384,이도현,Theresa_Gold,********,sgim@gweonbaeg.com,1995-09-17,female,01x9-3x037-x2x2x,SKT,Android,1
nisi176,오민석,Katherine_SpringGreen,********,hyeonji82@baggocoe.com,1982-11-10,female,01x9-9x299-x1x0x,LGU,iOS,3
voluptatibus166,김경수,Lisa_Aqua,********,vgim@yuhanhoesa.kr,2002-03-01,male,01x9-7x390-x8x2x,KT,Android,3
doloribus418,이건우,Ashley_MediumBlue,********,pbag@iyun.net,1985-02-17,male,01x9-8x463-x3x6x,MVNO,iOS,4
reprehenderit301,김정숙,Kelly_SeaGreen,********,seungmin18@ryuno.com,2001-09-09,male,01x9-1x220-x6x3x,KT,Android,4
sit633,고현준,Paula_LemonChiffon,********,minsu16@baggimi.com,2004-04-10,male,01x9-2x921-x6x1x,LGU,Android,1
quo723,김채원,Patricia_Chartreuse,********,anseoyun@igim.net,2005-03-02,male,01x9-7x962-x6x8x,SKT,Android,4
mollitia513,홍민지,Denise_SeaShell,********,subin93@yunio.com,2000-07-15,female,01x9-7x069-x3x5x,SKT,Android,3
doloremque166,김선영,Susan_LightCoral,********,iminseog@gimgim.com,1983-11-10,male,01x9-6x378-x1x2x,KT,iOS,1
officia043,윤정호,Amanda_PaleVioletRed,********,gimsunog@coegoi.kr,1985-09-02,female,01x9-3x881-x9x4x,KT,iOS,4
ab017,한은주,John_BlanchedAlmond,********,seongsu52@gimanryu.com,1993-07-09,female,01x9-0x691-x8x0x,KT,Android,4
quaerat639,고예지,Dana_PaleTurquoise,********,hwangjihye@ju.kr,1991-05-25,male,01x9-4x057-x4x3x,SKT,iOS,4
saepe469,이시우,David_Silver,********,zi@gimhwangi.kr,1997-02-18,female,01x9-0x357-x4x9x,SKT,Android,1
facilis907,정정수,Johnny_Cornsilk,********,ggim@ju.net,2003-07-05,male,01x9-0x713-x0x4x,LGU,iOS,1
recusandae387,장순자,Jessica_LavenderBlush,********,yeongja10@gubaebag.kr,2004-12-30,male,01x9-2x129-x5x6x,SKT,iOS,3
rem686,정지원,Angela_Purple,********,junhyeog56@hwangbagson.org,2000-06-22,male,01x9-1x188-x9x2x,KT,iOS,2
expedita295,오지우,Anthony_Teal,********,yeongsu76@ju.kr,2000-09-23,male,01x9-8x048-x5x9x,KT,iOS,1
quas827,이재호,Jason_SandyBrown,********,yeongceoli@ju.net,1996-09-04,male,01x9-6x031-x1x7x,SKT,Android,4
vitae079,박지후,Laura_Wheat,********,siusong@seogimcoe.net,1983-01-21,female,01x9-5x666-x2x8x,SKT,Android,4
reprehenderit856,안상현,Brian_DarkOrchid,********,hayun50@ju.kr,1981-05-01,male,01x9-8x383-x4x6x,SKT,iOS,2
soluta822,허성민,Tara_LightSkyBlue,********,sujin99@ju.kr,1996-01-06,male,01x9-9x224-x9x7x,SKT,Android,3
alias251,장지우,Adrienne_Navy,********,qjang@icoebae.kr,2001-10-03,male,01x9-3x314-x8x6x,KT,iOS,3
facere618,황영환,Jennifer_LightSteelBlue,********,eunju58@yu.com,1991-06-18,male,01x9-3x861-x2x7x,SKT,Android,1
reprehenderit693,최동현,Larry_DodgerBlue,********,gimjiyeong@ii.kr,1983-05-22,female,01x9-2x830-x0x2x,SKT,Android,1
laudantium555,강서윤,Steve_Violet,********,simogja@jui.kr,1998-01-15,female,01x9-6x631-x2x7x,MVNO,Android,1
quidem475,한현준,Cory_DeepSkyBlue,********,gimcunja@yu.com,2002-05-14,female,01x9-2x520-x9x6x,LGU,Android,4
facere840,권준서,Lisa_BurlyWood,********,donghyeon56@gimhong.net,1981-07-03,male,01x9-1x755-x1x7x,SKT,iOS,3
animi289,한영호,Tara_Plum,********,zbag@gimbag.kr,1986-01-27,female,01x9-6x420-x5x6x,SKT,Android,2
accusamus549,김서준,Daniel_Thistle,********,junhyeog33@ganggimgim.kr,1997-04-25,male,01x9-2x481-x6x3x,KT,Android,3
quos630,허미영,Kathleen_SeaShell,********,du@yuhanhoesa.kr,2003-12-24,female,01x9-9x638-x9x4x,MVNO,iOS,2
debitis378,이정수,Joseph_Beige,********,bgim@jusighoesa.kr,1984-04-17,female,01x9-9x291-x3x5x,SKT,iOS,2
voluptatibus711,김예원,Lisa_Plum,********,lbag@ju.com,1983-03-21,male,01x9-0x425-x9x3x,MVNO,iOS,2
adipisci111,허종수,Colleen_SaddleBrown,********,nammiyeong@yuhanhoesa.kr,1995-06-24,male,01x9-5x812-x4x7x,SKT,Android,1
deleniti768,최명자,William_SteelBlue,********,vju@yu.net,1991-03-17,male,01x9-0x435-x6x1x,SKT,Android,3
voluptatum200,김숙자,Brandy_LightCyan,********,hyeonju88@simno.com,2004-04-10,female,01x9-6x504-x3x8x,KT,Android,4
quod243,김옥자,Rebecca_IndianRed,********,jihun43@sinyango.com,1991-12-05,male,01x9-8x958-x0x4x,LGU,Android,1
amet057,이병철,Tyler_Gray,********,sumin70@gimyun.kr,1986-10-05,male,01x9-7x663-x1x7x,KT,iOS,1
expedita399,박영자,Jeffrey_DimGray,********,jeongsugseo@jusighoesa.kr,1997-10-16,female,01x9-8x765-x6x6x,SKT,iOS,1
quibusdam437,김미정,John_MediumSpringGreen,********,junhyeog84@yu.net,1993-10-20,male,01x9-2x327-x4x1x,SKT,Android,1
reiciendis486,최성호,Donald_LawnGreen,********,subinbag@yuhanhoesa.kr,2003-04-07,male,01x9-6x908-x0x9x,SKT,iOS,4
recusandae058,허경자,Bethany_DarkSeaGreen,********,gimeunju@yuhanhoesa.net,1998-09-17,male,01x9-0x976-x7x7x,SKT,Android,3
nihil065,박준호,Stephen_DarkSlateBlue,********,areumsim@ju.com,1990-08-14,male,01x9-5x263-x0x1x,SKT,Android,3
